url,snapshot
https://elpais.com/sociedad/2020/02/24/actualidad/1582555060_457060.html,20200310063514
https://elpais.com/elpais/2020/02/03/mamas_papas/1580724180_233587.html,20200309060904
https://elpais.com/sociedad/2020/02/20/actualidad/1582208971_425983.html,20200307041605
https://elpais.com/sociedad/2020/02/19/actualidad/1582120758_200501.html,20200305043642
https://elpais.com/sociedad/2020/02/18/actualidad/1582046433_957378.html,20200301231253
https://elpais.com/internacional/2020-03-02/los-indices-de-aprobacion-de-lopez-obrador-caen-ante-la-ola-de-violencia-y-los-feminicidios.html,20200315131014
https://elpais.com/sociedad/2020-03-05/el-gobierno-ampliara-el-servicio-del-016-para-que-atienda-todas-las-formas-de-violencia-contra-la-mujer.html,20200317145034
https://elpais.com/espana/catalunya/2020-03-06/el-govern-admite-errores-en-las-ayudas-contra-la-violencia-machista.html,20200317145034
https://elpais.com/sociedad/2020-03-08/nadie-tolera-un-feminicidio-pero-si-la-violencia-verbal-laboral-y-economica.html,20200317145034
https://elpais.com/sociedad/2020-03-07/victoria-rosell-la-cifra-oculta-de-violencia-machista-ronda-el-90.html,20200317145034
https://elpais.com/sociedad/2020-03-13/el-caso-renato-ibarra-obliga-al-futbol-mexicano-a-hablar-de-violencia-machista.html,20200429191429
https://elpais.com/sociedad/2020-04-16/las-llamadas-al-016-por-violencia-machista-aumentan-un-473-en-la-primera-quincena-de-abril.html,20200602113500
https://web.archive.org/web/20200429191429/https://elpais.com/noticias/violencia-machista/,20200429191429
https://elpais.com/sociedad/2020-04-01/el-016-recibe-521-llamadas-mas-por-violencia-machista-durante-el-estado-de-alarma.html,20200523052723
https://web.archive.org/web/20200429191429/https://elpais.com/tag/violencia_machista/a/,20200429191429
https://elpais.com/sociedad/2020-03-20/el-asesinato-de-una-mujer-en-castellon-primer-caso-de-violencia-machista-durante-el-estado-de-alarma.html,20200507235547
https://web.archive.org/web/20200429191429/https://elpais.com/tag/violencia_machista/a,20200429191429
https://elpais.com/sociedad/2020-03-20/ejecutados-los-cuatro-condenados-por-la-violacion-que-desperto-a-india-contra-la-violencia-machista.html,20200429191429
https://web.archive.org/web/20200429191429/https://elpais.com/tag/c/63d2707764492e98c02d7e1abd8f9bc9,20200429191429
https://elpais.com/sociedad/2020-05-05/las-llamadas-al-016-contra-la-violencia-machista-aumentan-un-60-en-abril-respecto-al-ano-pasado.html,20200618051654
https://elpais.com/elpais/2020/04/30/opinion/1588265362_369460.html,20200613053814
https://web.archive.org/web/20200507235547/https://elpais.com/noticias/violencia-machista/,20200507235547
https://elpais.com/sociedad/2020-04-29/un-juez-anula-la-expulsion-de-un-marroqui-condenado-por-violencia-machista-para-que-pueda-ver-a-su-hijo-discapacitado.html,20200613053814
https://web.archive.org/web/20200507235547/https://elpais.com/tag/violencia_machista/a/,20200507235547
https://web.archive.org/web/20200509012605/https://elpais.com/noticias/violencia-machista/,20200509012605
https://web.archive.org/web/20200509012605/https://elpais.com/tag/violencia_machista/a/,20200509012605
https://web.archive.org/web/20200510045333/https://elpais.com/noticias/violencia-machista/,20200510045333
https://web.archive.org/web/20200510045333/https://elpais.com/tag/violencia_machista/a/,20200510045333
https://web.archive.org/web/20200511071536/https://elpais.com/noticias/violencia-machista/,20200511071536
https://web.archive.org/web/20200511071536/https://elpais.com/tag/violencia_machista/a/,20200511071536
https://web.archive.org/web/20200512082025/https://elpais.com/noticias/violencia-machista/,20200512082025
https://web.archive.org/web/20200512082025/https://elpais.com/tag/violencia_machista/a/,20200512082025
https://web.archive.org/web/20200518184428/https://elpais.com/noticias/violencia-machista/,20200518184428
https://web.archive.org/web/20200523052723/https://elpais.com/noticias/violencia-machista/,20200523052723
https://elpais.com/sociedad/2020-05-27/alerta-ante-el-desconfinamiento-de-la-violencia-machista.html,20200712171139
https://web.archive.org/web/20200602113500/https://elpais.com/noticias/violencia-machista/,20200602113500
https://web.archive.org/web/20200613053814/https://elpais.com/noticias/violencia-machista/,20200613053814
https://elpais.com/sociedad/2020-06-04/las-llamadas-al-016-contra-la-violencia-machista-aumentan-un-414-durante-el-estado-de-alarma.html,20200712171139
https://elpais.com/sociedad/2020-06-03/cinco-anos-de-ni-una-menos-cuando-argentina-se-planto-frente-a-la-violencia-machista.html,20200712171139
https://web.archive.org/web/20200618051654/https://elpais.com/noticias/violencia-machista/,20200618051654
https://web.archive.org/web/20200630083418/https://elpais.com/noticias/violencia-machista/,20200630083418
https://elpais.com/sociedad/2020-06-19/un-asesinato-de-hace-cuatro-meses-y-medio-se-revela-ahora-como-violencia-machista.html,20200723145526
https://elpais.com/sociedad/2020-06-18/una-oleada-de-feminicidios-enciende-la-indignacion-en-colombia.html,20200723145526
https://elpais.com/mexico/2020-07-01/el-68-aprueba-el-mandato-de-lopez-obrador-pese-a-rechazar-su-gestion-de-la-inseguridad-y-los-feminicidios.html,20200723145526
https://web.archive.org/web/20200712171139/https://elpais.com/noticias/violencia-machista/,20200712171139
https://web.archive.org/web/20200723145526/https://elpais.com/noticias/violencia-machista/,20200723145526
https://elpais.com/elpais/2020/07/14/planeta_futuro/1594730349_227247.html,20200723145526
https://elpais.com/mexico/2020-07-14/el-gobierno-suprime-el-presupuesto-para-la-alerta-por-violencia-de-genero-en-los-estados-con-mas-feminicidios.html,20200723145526
https://elpais.com/mexico/2020-08-14/las-feministas-saludan-la-rectificacion-del-fiscal-gertz-sobre-el-tipo-penal-de-feminicidio.html,20200925004235
https://web.archive.org/web/20200815151348/https://elpais.com/noticias/violencia-machista/,20200815151348
https://elpais.com/internacional/2020-08-12/la-misoginia-del-gobierno-de-bolsonaro-termina-en-la-justicia.html,20200820114053
https://elpais.com/sociedad/2020-07-27/el-supremo-dicta-que-las-maltratadas-que-emprendan-un-proceso-contra-su-agresor-no-podran-eximirse-de-declarar-en-su-contra.html,20200820114053
https://elpais.com/sociedad/2020-08-18/las-feministas-denuncian-la-falta-de-politicas-ambiciosas-ante-el-aumento-de-feminicidios-en-francia.html,20200926071013
https://web.archive.org/web/20200820114053/https://elpais.com/noticias/violencia-machista/,20200820114053
https://web.archive.org/web/20200924043315/https://elpais.com/noticias/violencia-machista/,20200924043315
https://elpais.com/espana/catalunya/2020-08-26/el-confinamiento-agrava-la-violencia-machista-en-barcelona.html,20200927101821
https://web.archive.org/web/20200925004235/https://elpais.com/noticias/violencia-machista/,20200925004235
https://web.archive.org/web/20200926071013/https://elpais.com/tag/violencia_genero/a,20200926071013
https://web.archive.org/web/20200926071013/https://elpais.com/noticias/violencia-machista/,20200926071013
https://web.archive.org/web/20200927101821/https://elpais.com/tag/violencia_genero/a,20200927101821
https://web.archive.org/web/20200927101821/https://elpais.com/noticias/violencia-machista/,20200927101821
https://elpais.com/mexico/opinion/2020-11-12/hasta-que-los-feminicidios-incomoden.html,20201113030915
https://web.archive.org/web/20201113030915/https://elpais.com/noticias/violencia-machista/,20201113030915
https://elpais.com/sociedad/2020-10-22/de-ana-orantes-a-diana-quer-la-ley-de-libertad-sexual-equipara-a-las-victimas-de-violaciones-con-las-de-violencia-en-pareja.html,20201113030915
https://elpais.com/mexico/2020-10-21/julio-urias-talento-latino-y-la-sombra-de-la-violencia-machista-en-la-serie-mundial-de-beisbol.html,20201113030915
https://web.archive.org/web/20201208213933/https://elpais.com/noticias/violencia-machista/,20201208213933
https://elpais.com/elpais/2020/12/03/mujeres/1607007762_782211.html,20210101083508
https://elpais.com/opinion/2020-11-26/lucha-contra-la-violencia-machista.html,20201231063020
https://elpais.com/sociedad/2020-11-26/vox-impide-en-el-parlamento-vasco-la-aprobacion-de-una-declaracion-institucional-contra-la-violencia-machista.html,20201225070644
https://elpais.com/sociedad/2020-11-25/irene-montero-llama-entre-lagrimas-a-la-unidad-del-feminismo.html,20201212225857
https://elpais.com/mexico/2020-11-25/olimpia-coral-melo-facebook-twitter-e-instagram-participan-en-la-violencia-digital-contra-las-mujeres.html,20201208213933
https://web.archive.org/web/20201211033412/https://elpais.com/noticias/violencia-machista/,20201211033412
https://elpais.com/sociedad/2020-12-10/igualdad-ampliara-el-016-a-otras-victimas-de-violencia-machista-excepto-las-de-trata.html,20210101083508
https://web.archive.org/web/20201212225857/https://elpais.com/noticias/violencia-machista/,20201212225857
https://elpais.com/sociedad/2020-12-11/el-yoyas-condenado-a-casi-seis-anos-de-carcel-por-violencia-machista-hacia-su-muer-y-sus-dos-hijos.html,20210101083508
https://elpais.com/elpais/2020/12/09/eps/1607510613_724431.html,20210101083508
https://web.archive.org/web/20201213104031/https://elpais.com/noticias/violencia-machista/,20201213104031
https://web.archive.org/web/20201214030218/https://elpais.com/noticias/violencia-machista/,20201214030218
https://elpais.com/television/2020-12-14/rtve-aprueba-una-guia-de-igualdad-para-evitar-estereotipos-y-sexismo.html,20210101083508
https://web.archive.org/web/20201215182740/https://elpais.com/noticias/violencia-machista/,20201215182740
https://web.archive.org/web/20201216152516/https://elpais.com/noticias/violencia-machista/,20201216152516
https://web.archive.org/web/20201217160037/https://elpais.com/noticias/violencia-machista/,20201217160037
https://web.archive.org/web/20201218164414/https://elpais.com/noticias/violencia-machista/,20201218164414
https://web.archive.org/web/20201219182152/https://elpais.com/noticias/violencia-machista/,20201219182152
https://elpais.com/mexico/2020-12-20/la-respuesta-del-gobernador-de-puebla-a-una-reportera-es-calificada-como-violencia-machista-y-censura.html,20210101083508
https://web.archive.org/web/20201221010007/https://elpais.com/noticias/violencia-machista/,20201221010007
https://web.archive.org/web/20201223015603/https://elpais.com/noticias/violencia-machista/,20201223015603
https://elpais.com/internacional/2020-12-23/un-hombre-mata-en-francia-a-tres-policias-cuando-intervenian-en-un-caso-de-violencia-machista.html,20210101083508
https://web.archive.org/web/20201224030841/https://elpais.com/noticias/violencia-machista/,20201224030841
https://web.archive.org/web/20201225070644/https://elpais.com/noticias/violencia-machista/,20201225070644
https://web.archive.org/web/20201229172120/https://elpais.com/noticias/violencia-machista/,20201229172120
https://web.archive.org/web/20201230204945/https://elpais.com/noticias/violencia-machista/,20201230204945
https://web.archive.org/web/20201231063020/https://elpais.com/noticias/violencia-machista/,20201231063020
https://web.archive.org/web/20210101083508/https://elpais.com/noticias/violencia-machista/,20210101083508
https://elpais.com/sociedad/2021-03-09/las-mujeres-de-america-latina-en-la-calle-o-en-las-redes-claman-contra-la-violencia-machista.html,20210309013827
https://web.archive.org/web/20210309013827/https://elpais.com/noticias/violencia-machista/,20210309013827
https://elpais.com/internacional/2021-03-03/andrew-cuomo-asegura-que-no-va-a-dimitir-por-el-escandalo-del-acoso-sexual-nunca-toque-a-nadie-de-manera-inapropiada.html,20210309013827
https://elpais.com/sociedad/2021-03-03/los-casos-de-violencia-contra-la-mujer-crecen-un-10-en-cinco-anos.html,20210309013827
o,20210419061627
https://elpais.com/sociedad/2021-04-15/teatro-para-combatir-la-violencia-machista-entre-adolescentes.html,20210419061627
https://web.archive.org/web/20210419061627/https://elpais.com/noticias/violencia-machista/,20210419061627
https://web.archive.org/web/20210419061627/https://elpais.com/noticias/violaciones-multiples/,20210419061627
https://elpais.com/mexico/opinion/2021-04-06/feminicidios-en-tiempos-de-lopez-obrador.html,20210419061627
https://elpais.com/sociedad/2021-04-05/arranca-el-plan-para-abrir-centros-de-crisis-24-horas-para-victimas-de-violencia-sexual-en-todas-las-provincias.html,20210419061627
https://web.archive.org/web/20210419061627/https://elpais.com/tag/c/63d2707764492e98c02d7e1abd8f9bc9,20210419061627
https://web.archive.org/web/20210419061627/https://elpais.com/noticias/asesinato-mujeres/,20210419061627
https://elpais.com/espana/catalunya/2021-03-31/las-llamadas-al-telefono-de-atencion-a-las-victimas-de-violencia-machista-en-cataluna-suben-un-61-tras-el-caso-de-rocio-carrasco.html,20210419061627
https://elpais.com/sociedad/2021-03-31/jineth-bedoya-la-voz-contra-la-violencia-sexual.html,20210419061627
https://elpais.com/sociedad/2021-03-30/las-llamadas-al-016-de-violencia-machista-suben-un-42-tras-la-emision-del-caso-de-rocio-carrasco.html,20210419061627
https://web.archive.org/web/20210512084343/https://elpais.com/noticias/violencia-machista/,20210512084343
https://elpais.com/espana/madrid/2021-05-11/ves-tranquila-un-chotis-que-denuncia-el-acoso-callejero-que-sufren-las-mujeres.html,20210512084343
https://elpais.com/sociedad/2021-05-04/los-efectivos-policiales-para-victimas-de-violencia-machista-han-bajado-en-19-provincias-en-la-ultima-decada.html,20210512084343
https://elpais.com/sociedad/2021-05-01/violencia-vicaria-golpear-donde-mas-duele.html,20210512084343
https://elpais.com/mexico/2021-04-30/ciberacoso-amenazas-y-fraude-la-violencia-digital-se-ceba-contra-las-mujeres-en-plena-pandemia.html,20210512084343
https://web.archive.org/web/20210512084343/https://elpais.com/noticias/trata-mujeres/,20210512084343
https://web.archive.org/web/20210512084343/https://elpais.com/noticias/acoso-sexual/,20210512084343
https://elpais.com/elpais/2021/04/20/album/1618924075_298946.html,20210512084343
https://web.archive.org/web/20210725155259/https://elpais.com/noticias/violencia-machista/,20210725155259
https://elpais.com/sociedad/2021-07-25/el-gobierno-impulsa-una-ventanilla-unica-para-las-victimas-de-violencia-machista.html,20210726212136
https://web.archive.org/web/20210725155259/https://elpais.com/noticias/asesinato-mujeres/,20210725155259
https://elpais.com/mexico/2021-07-06/no-me-puedo-creer-que-en-redes-haya-todavia-un-cuestionamiento-hacia-la-mujer-en-un-feminicidio-al-habla-con-warkentin-ep-12-herly-rg.html,20210726212136
https://web.archive.org/web/20210725155259/https://elpais.com/tag/c/63d2707764492e98c02d7e1abd8f9bc9,20210725155259
https://elpais.com/internacional/2021-07-01/manifestaciones-en-turquia-contra-la-salida-del-tratado-internacional-contra-la-violencia-machista.html,20210725155259
https://web.archive.org/web/20210726212136/https://elpais.com/noticias/violencia-machista/,20210726212136
https://web.archive.org/web/20210726212136/https://elpais.com/noticias/asesinato-mujeres/,20210726212136
https://web.archive.org/web/20210726212136/https://elpais.com/tag/c/63d2707764492e98c02d7e1abd8f9bc9,20210726212136
https://web.archive.org/web/20210813131321/https://elpais.com/noticias/violencia-machista/,20210813131321
https://elpais.com/espana/madrid/2021-08-04/la-exdirectora-de-igualdad-de-madrid-denuncia-el-maltrato-de-la-comunidad-al-area-contra-la-violencia-machista.html,20210813131321
https://elpais.com/sociedad/2021-08-02/francia-priorizara-la-atencion-policial-contra-la-violencia-machista.html,20210813131321
https://elpais.com/planeta-futuro/2021-08-02/pandemias-en-la-sombra-agresiones-sexuales-y-virus-del-sida-el-caso-de-uganda.html,20210813131321
https://elpais.com/espana/catalunya/2021-07-30/aparece-el-cuerpo-calcinado-de-una-mujer-junto-al-cadaver-de-un-hombre-y-un-bebe-de-dos-anos-herido-en-barcelona.html,20210813131321
https://elpais.com/television/2021-07-29/ahora-olga-y-telecinco-olvido-la-violencia-machista.html,20210813131321
https://elpais.com/sociedad/2021-07-28/puntos-violeta-que-puedo-hacer-si-conozco-un-caso-de-violencia-machista.html,20210813131321
https://elpais.com/sociedad/2021-07-27/el-gobierno-hara-cursos-anuales-para-formar-a-todos-los-agentes-de-seguridad-del-estado-en-violencia-machista.html,20210813131321
https://elpais.com/mexico/2021-09-08/la-justicia-mexicana-condena-al-youtuber-rix-a-tres-anos-de-carcel-por-abuso-sexual.html,20210909085055
https://web.archive.org/web/20210909085055/https://elpais.com/noticias/acoso-sexual/,20210909085055
https://elpais.com/mexico/2021-09-06/suspendido-un-alto-directivo-de-la-suprema-corte-por-acoso-sexual-y-violencia-de-genero.html,20210909085055
https://web.archive.org/web/20210909085055/https://elpais.com/noticias/violencia-machista/,20210909085055
https://elpais.com/mexico/2021-08-30/el-machismo-muere-en-los-fogones-de-milpa-alta.html,20210909085055
https://elpais.com/espana/madrid/2021-08-26/una-querella-por-un-monologo-contra-la-violencia-machista-de-2019-mas-de-7000-veces-interpretado.html,20210909085055
https://elpais.com/noticias/violencia-machista/,20250630122111
https://web.archive.org/web/20211020075917/https://elpais.com/noticias/machismo/,20211020075917
https://elpais.com/sociedad/2021-10-20/machismo-en-argentina-el-futbolista-mauro-icardi-y-el-infundio-de-la-robamaridos.html,20211020075917
https://elpais.com/espana/andalucia/2021-10-19/el-telefono-de-violencia-intrafamiliar-de-andalucia-recibe-dos-llamadas-diarias-de-media-en-su-primer-ano-de-funcionamiento.html,20211105140839
https://web.archive.org/web/20211020075917/https://elpais.com/noticias/violencia-machista/,20211020075917
https://elpais.com/sociedad/2021-10-12/la-violencia-que-sigue-a-la-violencia-vicaria-tras-los-asesinatos-te-quedas-sola.html,20211027105715
https://elpais.com/planeta-futuro/red-de-expertos/2021-10-11/ninas-que-sufren-ninas-que-luchan-contra-la-violencia-sexual.html,20211027105715
https://elpais.com/espana/madrid/2021-10-07/la-alcaldia-de-navalagamella-cancela-la-representacion-de-un-monologo-contra-la-violencia-machista-para-evitar-polemicas.html,20211027105715
https://web.archive.org/web/20211020075917/https://elpais.com/noticias/violaciones/,20211020075917
https://elpais.com/sociedad/2021-09-29/uno-de-cada-cinco-jovenes-varones-en-espana-cree-que-no-existe-la-violencia-machista-el-doble-que-hace-cuatro-anos.html,20211020075917
https://web.archive.org/web/20211020075917/https://elpais.com/tag/c/63d2707764492e98c02d7e1abd8f9bc9,20211020075917
https://elpais.com/mexico/2021-09-20/amnistia-internacional-denuncia-deficiencias-en-las-investigaciones-de-feminicidios-en-el-estado-de-mexico.html,20211020075917
https://web.archive.org/web/20211026120523/https://elpais.com/noticias/violencia-machista/,20211026120523
https://elpais.com/sociedad/2021-10-21/se-metio-en-mi-cuenta-de-instagram-y-subio-dos-fotos-mias-desnuda-la-violencia-machista-digital-cobra-fuerza.html,20211105140839
https://web.archive.org/web/20211026120523/https://elpais.com/noticias/violaciones/,20211026120523
https://web.archive.org/web/20211027105715/https://elpais.com/noticias/violencia-machista/,20211027105715
https://web.archive.org/web/20211027105715/https://elpais.com/noticias/violaciones/,20211027105715
https://web.archive.org/web/20211105140839/https://elpais.com/noticias/abuso-menores/,20211105140839
https://elpais.com/mexico/2021-11-03/el-90-de-las-violaciones-contra-ninas-en-mexico-sucede-en-el-entorno-familiar.html,20211105140839
https://elpais.com/internacional/2021-11-01/una-beata-brasilena-contra-el-feminicidio.html,20211105140839
https://web.archive.org/web/20211105140839/https://elpais.com/noticias/violencia-machista/,20211105140839
https://elpais.com/sociedad/2021-10-29/el-detenido-tras-matar-y-descuartizar-a-su-pareja-en-torrevieja-tiene-antecedentes-de-violencia-machista-con-otra-mujer.html,20211105140839
https://elpais.com/internacional/2021-10-28/andrew-cuomo-suma-otra-denuncia-penal-por-acoso-sexual.html,20211105140839
https://elpais.com/espana/catalunya/2021-10-28/cataluna-pagara-el-sepelio-y-repatriaciones-a-mujeres-asesinadas-en-casos-de-violencia-machista.html,20211105140839
https://elpais.com/sociedad/2021-11-25/mas-de-4000-feminicidios-al-ano-y-mucha-indignacion-las-razones-de-latinoamerica-para-protestar-el-25n.html,20211215175914
https://elpais.com/sociedad/2021-11-25/las-feministas-vuelven-a-las-calles-el-25n-contra-la-violencia-machista-nos-queremos-vivas.html,20211210184654
https://elpais.com/espana/2021-11-25/siete-de-cada-diez-casos-de-violencia-sexual-estudiados-por-el-supremo-en-2020-tenian-como-victimas-a-menores-de-edad.html,20211210184654
https://elpais.com/elpais/2021/11/24/mujeres/1637781682_309142.html,20211127050919
https://elpais.com/mexico/2021-11-25/mexico-el-fracaso-en-frenar-los-feminicidios.html,20211127050919
https://elpais.com/sociedad/2021-11-25/mas-de-53000-mujeres-y-9000-menores-tienen-seguimiento-policial-por-violencia-machista-si-lo-veo-me-tiembla-todo.html,20211127050919
https://elpais.com/mexico/2021-11-25/la-santa-vulva-un-simbolo-contra-la-violencia-machista-en-mexico.html,20211127050919
https://elpais.com/opinion/2021-11-25/violencia-machista.html,20211127050919
https://elpais.com/mamas-papas/primera-persona/2021-11-25/el-reto-de-tener-hijas-y-ensenarles-como-deben-hacer-respetarse-ante-la-violencia-y-el-machismo.html,20211127050919
https://web.archive.org/web/20211127050919/https://elpais.com/noticias/violencia-machista/,20211127050919
https://web.archive.org/web/20211210184654/https://elpais.com/noticias/violencia-machista/,20211210184654
https://elpais.com/sociedad/2021-12-10/justicia-refuerza-la-lucha-contra-las-violaciones-a-mujeres-con-sumision-quimica.html,20211223163226
https://elpais.com/internacional/2021-12-09/violencia-sexual-y-explotacion-el-drama-de-las-migrantes-que-esperan-que-reabra-el-puente-entre-colombia-y-ecuador.html,20211223163226
https://web.archive.org/web/20211210184654/https://elpais.com/noticias/acoso-laboral/,20211210184654
https://web.archive.org/web/20211210184654/https://elpais.com/noticias/acoso-sexual/,20211210184654
https://web.archive.org/web/20211210184654/https://elpais.com/noticias/violencia-genero/,20211210184654
https://web.archive.org/web/20211215175914/https://elpais.com/noticias/violencia-machista/,20211215175914
https://web.archive.org/web/20211215175914/https://elpais.com/noticias/acoso-laboral/,20211215175914
https://web.archive.org/web/20211215175914/https://elpais.com/noticias/acoso-sexual/,20211215175914
https://web.archive.org/web/20211215175914/https://elpais.com/noticias/violencia-genero/,20211215175914
https://web.archive.org/web/20211223163226/https://elpais.com/noticias/violencia-machista/,20211223163226
https://elpais.com/sociedad/2021-12-21/la-violencia-machista-en-2020-los-asesinatos-cayeron-con-el-confinamiento-y-se-dispararon-tras-el-estado-de-alarma.html,20220106041043
https://elpais.com/sociedad/2021-12-20/igualdad-alerta-del-riesgo-de-violencia-machista-en-navidad-y-pide-colaboracion-ciudadana-para-la-deteccion-precoz.html,20220106041043
https://elpais.com/sociedad/2021-12-17/espana-registra-hasta-400000-actos-de-violencia-sexual-en-un-ano.html,20220106041043
https://web.archive.org/web/20211223163226/https://elpais.com/noticias/acoso-laboral/,20211223163226
https://web.archive.org/web/20211223163226/https://elpais.com/noticias/acoso-sexual/,20211223163226
https://web.archive.org/web/20211223163226/https://elpais.com/noticias/violencia-genero/,20211223163226
https://web.archive.org/web/20220106041043/https://elpais.com/noticias/violencia-machista,20220106041043
https://elpais.com/sociedad/2022-01-01/el-papa-condena-la-violencia-machista-basta-herir-a-una-mujer-es-ultrajar-a-dios.html,20220106041043
https://web.archive.org/web/20220106041043/https://elpais.com/noticias/violencia-machista/,20220106041043
https://elpais.com/opinion/2021-12-31/las-cifras-de-la-violencia-machista.html,20220106041043
https://web.archive.org/web/20220106041043/https://elpais.com/noticias/asesinato-mujeres/,20220106041043
https://web.archive.org/web/20220106041043/https://elpais.com/noticias/violaciones/,20220106041043
https://elpais.com/planeta-futuro/en-primera-linea/2021-12-24/mujeres-valientes-de-benin-que-bailan-contra-la-violencia-machista.html,20220106041043
https://web.archive.org/web/20220222201327/https://elpais.com/noticias/violencia-machista/,20220222201327
https://elpais.com/mexico/2022-02-18/una-mexicana-que-denuncio-abuso-sexual-en-qatar-condenada-a-100-latigazos-y-siete-anos-de-prision.html,20220222201327
https://web.archive.org/web/20220222201327/https://elpais.com/noticias/asesinato-mujeres/,20220222201327
https://elpais.com/sociedad/2022-02-17/el-homicidio-de-khawla-en-alcala-la-real-se-investiga-como-posible-feminicidio-sexual.html,20220222201327
https://elpais.com/mexico/2022-02-08/el-feminicidio-de-una-adolescente-de-13-anos-conmociona-mexico.html,20220222201327
https://web.archive.org/web/20220222201327/https://elpais.com/noticias/abusos-sexuales/,20220222201327
https://web.archive.org/web/20220222201327/https://elpais.com/tag/violencia_machista/a,20220222201327
https://web.archive.org/web/20220417062950/https://elpais.com/noticias/asesinato-mujeres/,20220417062950
https://elpais.com/mexico/2022-04-14/el-feminicidio-de-una-joven-afromexicana-en-oaxaca-expone-el-olvido-y-la-violencia-contra-las-mujeres-en-mexico.html,20220417062950
https://web.archive.org/web/20220417062950/https://elpais.com/noticias/agresiones-sexuales/,20220417062950
https://web.archive.org/web/20220417062950/https://elpais.com/noticias/violencia-machista/,20220417062950
https://elpais.com/espana/2022-04-11/manueco-insiste-en-reemplazar-el-decreto-de-memoria-por-una-ley-de-concordia-e-impulsar-la-proteccion-a-las-victimas-de-la-violencia-intrafamiliar.html,20220417062950
https://elpais.com/tecnologia/2022-04-10/viogen-visita-a-las-tripas-del-algoritmo-que-calcula-el-riesgo-de-que-una-mujer-sufra-violencia-machista.html,20220417062950
https://web.archive.org/web/20220417062950/https://elpais.com/noticias/violencia-vicaria/,20220417062950
https://elpais.com/espana/comunidad-valenciana/2022-04-08/los-jueces-proponen-reformas-y-alertas-que-eviten-crimenes-de-violencia-vicaria-como-el-de-sueca.html,20220417062950
https://elpais.com/mexico/2022-04-06/la-cantante-sasha-sokol-denunciara-en-tribunales-al-productor-de-televisa-luis-de-llano-por-abuso-sexual.html,20220417062950
https://elpais.com/sociedad/2022-04-05/angeles-carmona-hay-que-extender-la-proteccion-a-los-casos-de-violencia-machista-fuera-de-la-pareja.html,20220417062950
https://web.archive.org/web/20220927173016/https://elpais.com/noticias/violencia-machista/,20220927173016
https://elpais.com/sociedad/2022-09-13/una-red-de-hogares-seguros-para-las-mascotas-de-victimas-de-violencia-machista-no-pense-en-dejarle-porque-no-tenia-donde-alojar-a-mis-perras.html,20221003114423
https://web.archive.org/web/20220927173016/https://elpais.com/noticias/asesinato-mujeres/,20220927173016
https://elpais.com/sociedad/2022-09-12/espana-cuenta-ya-con-una-estadistica-oficial-de-feminicidios-19-mujeres-asesinadas-de-enero-a-junio-de-2022.html,20221003114423
https://elpais.com/planeta-futuro/2022-09-06/las-mujeres-de-lusaka-silenciadas-e-invisibles-por-la-violencia-machista.html,20221003114423
https://web.archive.org/web/20220927173016/https://elpais.com/noticias/machismo/,20220927173016
https://elpais.com/mexico/2022-09-03/humor-y-machismo.html,20221003114423
https://web.archive.org/web/20220927173016/https://elpais.com/sociedad/,20220927173016
https://elpais.com/sociedad/2022-09-03/un-hito-feminista-en-el-mundo-arabe-balance-agridulce-de-cinco-anos-de-la-ley-contra-la-violencia-machista-de-tunez.html,20221003114423
https://web.archive.org/web/20220927173016/https://elpais.com/noticias/violencia-genero/,20220927173016
https://web.archive.org/web/20220927173016/https://elpais.com/noticias/violaciones/,20220927173016
https://web.archive.org/web/20220929025015/https://elpais.com/noticias/violencia-machista/,20220929025015
https://web.archive.org/web/20220929025015/https://elpais.com/noticias/asesinato-mujeres/,20220929025015
https://web.archive.org/web/20220929025015/https://elpais.com/noticias/machismo/,20220929025015
https://web.archive.org/web/20220929025015/https://elpais.com/sociedad/,20220929025015
https://web.archive.org/web/20220929025015/https://elpais.com/noticias/violencia-genero/,20220929025015
https://web.archive.org/web/20220929025015/https://elpais.com/noticias/violaciones/,20220929025015
https://web.archive.org/web/20221003114423/https://elpais.com/noticias/violencia-vicaria/,20221003114423
https://web.archive.org/web/20221003114423/https://elpais.com/noticias/violencia-machista/,20221003114423
https://web.archive.org/web/20221003114423/https://elpais.com/noticias/asesinato-mujeres/,20221003114423
https://web.archive.org/web/20221003114423/https://elpais.com/noticias/machismo/,20221003114423
https://web.archive.org/web/20221003114423/https://elpais.com/sociedad/,20221003114423
https://web.archive.org/web/20221105152609/https://elpais.com/noticias/violencia-machista/,20221105152609
https://elpais.com/espana/2022-10-28/izquierda-unida-suspende-de-militancia-a-un-diputado-denunciado-por-violencia-machista.html,20221110055137
https://elpais.com/sociedad/2022-10-18/la-policia-alertara-a-jueces-y-fiscales-cuando-una-victima-de-violencia-machista-no-quiera-denunciar.html,20221109051450
https://web.archive.org/web/20221105152609/https://elpais.com/noticias/feminicidios-mexico/,20221105152609
https://elpais.com/america-colombia/2022-11-07/abuso-sexual-y-muerte-bajo-custodia-policial-las-fallas-del-estado-colombiano-en-el-caso-de-hilary-castro.html,20221110055137
https://web.archive.org/web/20221107223821/https://elpais.com/noticias/feminicidios-mexico/,20221107223821
https://elpais.com/mexico/2022-11-07/claudia-sheinbaum-acusa-a-la-fiscalia-de-morelos-de-intentar-ocultar-el-feminicidio-de-ariadna-lopez.html,20221110055137
https://web.archive.org/web/20221107223821/https://elpais.com/noticias/violencia-machista/,20221107223821
https://web.archive.org/web/20221109051450/https://elpais.com/noticias/violencia-machista/,20221109051450
https://web.archive.org/web/20221109051450/https://elpais.com/noticias/feminicidios-mexico/,20221109051450
https://web.archive.org/web/20221110055137/https://elpais.com/noticias/violencia-machista/,20221110055137
https://elpais.com/podcasts/hoy-en-el-pais/2022-11-10/podcast-cuando-matar-a-un-hijo-es-violencia-machista.html,20221110055137
https://web.archive.org/web/20221110055137/https://elpais.com/noticias/feminicidios-mexico/,20221110055137
https://web.archive.org/web/20221124091309/https://elpais.com/noticias/violencia-machista/,20221124091309
https://web.archive.org/web/20221124091309/https://elpais.com/noticias/feminicidios-mexico/,20221124091309
https://elpais.com/mexico/2022-11-23/la-indolencia-de-las-autoridades-no-tiene-limite-y-los-feminicidios-continuan.html,20221124091309
https://elpais.com/espana/andalucia/2022-11-19/amparo-diaz-abogada-de-violencia-machista-las-victimas-percibiran-que-se-les-da-menos-importancia-con-la-rebaja-de-penas.html,20221124091309
https://elpais.com/sociedad/2022-11-25/el-feminismo-se-fractura-en-madrid-en-las-protestas-contra-la-violencia-machista-que-recorren-espana.html,20221201145733
https://web.archive.org/web/20221126112506/https://elpais.com/noticias/dia-internacional-eliminacion-violencia-contra-la-mujer/,20221126112506
https://elpais.com/sociedad/2022-11-25/las-manifestaciones-del-25n-por-el-dia-contra-la-violencia-machista-en-espana-en-imagenes.html,20221201145733
https://elpais.com/sociedad/2022-11-25/dia-contra-la-violencia-machista-las-manifestaciones-del-25-n-en-directo.html,20221130190914
https://elpais.com/mexico/2022-11-25/por-debanhi-por-susana-por-adriana-los-miles-de-feminicidios-que-indignan-a-america-latina.html,20221130190914
https://web.archive.org/web/20221126112506/https://elpais.com/noticias/feminicidios-mexico/,20221126112506
https://elpais.com/america-colombia/2022-11-25/feminicidios-en-colombia-las-muertes-que-el-estado-no-cuenta.html,20221128143129
https://elpais.com/sociedad/2022-11-25/nuevas-ciberviolencias-machistas-cuando-el-agresor-esta-en-tu-smartphone.html,20221127114606
https://elpais.com/television/2022-11-25/la-violencia-machista-entre-los-adolescentes-el-drama-que-ni-ellos-quieren-reconocer.html,20221127114606
https://elpais.com/opinion/2022-11-25/contra-la-violencia-machista.html,20221126112506
https://web.archive.org/web/20221126112506/https://elpais.com/noticias/violencia-machista/,20221126112506
https://elpais.com/opinion/2022-11-27/violencia-sexual.html,20221206235911
https://web.archive.org/web/20221127114606/https://elpais.com/noticias/feminicidios-mexico/,20221127114606
https://web.archive.org/web/20221127114606/https://elpais.com/noticias/dia-internacional-eliminacion-violencia-contra-la-mujer/,20221127114606
https://web.archive.org/web/20221128143129/https://elpais.com/noticias/violencia-machista/,20221128143129
https://elpais.com/opinion/2022-11-27/argentina-contra-la-impunidad-de-los-feminicidios.html,20221208195953
https://web.archive.org/web/20221128143129/https://elpais.com/noticias/feminicidios-mexico/,20221128143129
https://web.archive.org/web/20221128143129/https://elpais.com/noticias/dia-internacional-eliminacion-violencia-contra-la-mujer/,20221128143129
https://web.archive.org/web/20221130190914/https://elpais.com/noticias/acoso-sexual/,20221130190914
https://web.archive.org/web/20221130190914/https://elpais.com/noticias/violencia-machista/,20221130190914
https://web.archive.org/web/20221130190914/https://elpais.com/noticias/feminicidios-mexico/,20221130190914
https://web.archive.org/web/20221130190914/https://elpais.com/noticias/dia-internacional-eliminacion-violencia-contra-la-mujer/,20221130190914
https://web.archive.org/web/20221201145733/https://elpais.com/noticias/violencia-machista/,20221201145733
https://web.archive.org/web/20221201145733/https://elpais.com/noticias/acoso-sexual/,20221201145733
https://web.archive.org/web/20221201145733/https://elpais.com/noticias/feminicidios-mexico/,20221201145733
https://web.archive.org/web/20221201145733/https://elpais.com/noticias/dia-internacional-eliminacion-violencia-contra-la-mujer/,20221201145733
https://elpais.com/opinion/2022-12-02/politicas-hartas-de-machismo.html,20221219125957
https://elpais.com/mexico/2022-12-02/las-victimas-de-feminicidios-reclaman-justicia-en-la-fil-de-guadalajara.html,20221219125957
https://web.archive.org/web/20221202200632/https://elpais.com/noticias/violencia-machista/,20221202200632
https://elpais.com/espana/catalunya/2022-12-01/ocho-de-cada-diez-mujeres-han-sufrido-violencia-machista-en-cataluna-a-lo-largo-de-su-vida.html,20221208195953
https://web.archive.org/web/20221202200632/https://elpais.com/noticias/acoso-sexual/,20221202200632
https://web.archive.org/web/20221202200632/https://elpais.com/noticias/feminicidios-mexico/,20221202200632
https://web.archive.org/web/20221205232127/https://elpais.com/noticias/violencia-machista/,20221205232127
https://web.archive.org/web/20221205232127/https://elpais.com/noticias/feminicidios-mexico/,20221205232127
https://elpais.com/mexico/2022-12-05/el-exilio-despues-del-feminicidio-asi-huyo-la-familia-de-cecilia-monzon-de-mexico.html,20221221211120
https://web.archive.org/web/20221205232127/https://elpais.com/noticias/acoso-sexual/,20221205232127
https://elpais.com/america-colombia/2022-12-03/el-director-de-la-radio-publica-juvenil-de-colombia-senalado-de-acoso-sexual-deja-el-cargo-temporalmente.html,20221219125957
https://web.archive.org/web/20221206235911/https://elpais.com/noticias/violencia-machista/,20221206235911
https://web.archive.org/web/20221206235911/https://elpais.com/noticias/feminicidios-mexico/,20221206235911
https://web.archive.org/web/20221206235911/https://elpais.com/noticias/acoso-sexual/,20221206235911
https://web.archive.org/web/20221208195953/https://elpais.com/noticias/violencia-machista/,20221208195953
https://elpais.com/mexico/2022-12-08/la-violencia-digital-contra-marion-reimers-cuando-la-misoginia-se-vuelve-deporte.html,20221221211120
https://web.archive.org/web/20221208195953/https://elpais.com/noticias/feminicidios-mexico/,20221208195953
https://web.archive.org/web/20221208195953/https://elpais.com/noticias/acoso-sexual/,20221208195953
https://web.archive.org/web/20221218120710/https://elpais.com/noticias/violencia-machista/,20221218120710
https://elpais.com/sociedad/2022-12-17/25-anos-del-asesinato-de-ana-orantes-que-cambio-la-lucha-contra-la-violencia-machista-en-espana.html,20221221211120
https://web.archive.org/web/20221218120710/https://elpais.com/noticias/feminicidios-mexico/,20221218120710
https://elpais.com/sociedad/2022-12-12/las-denuncias-por-violencia-machista-aumentan-casi-un-10-en-el-ultimo-ano.html,20221221211120
https://web.archive.org/web/20221218120710/https://elpais.com/noticias/acoso-sexual/,20221218120710
https://web.archive.org/web/20221219125957/https://elpais.com/noticias/violencia-machista/,20221219125957
https://web.archive.org/web/20221219125957/https://elpais.com/noticias/feminicidios-mexico/,20221219125957
https://web.archive.org/web/20221219125957/https://elpais.com/noticias/acoso-sexual/,20221219125957
https://web.archive.org/web/20221221211120/https://elpais.com/noticias/violencia-machista/,20221221211120
https://web.archive.org/web/20221221211120/https://elpais.com/noticias/feminicidios-mexico/,20221221211120
https://web.archive.org/web/20230103081024/https://elpais.com/noticias/violencia-machista/,20230103081024
https://elpais.com/sociedad/2022-12-30/alerta-por-violencia-machista-una-asesinada-cada-24-horas.html,20230108141618
https://web.archive.org/web/20230103081024/https://elpais.com/noticias/violencia-sexual/,20230103081024
https://elpais.com/espana/comunidad-valenciana/2022-12-29/carlos-flores-candidato-valenciano-de-vox-una-condena-por-violencia-machista-hace-20-anos-y-exaspirante-de-fuerza-nueva.html,20230108141618
https://elpais.com/sociedad/2022-12-28/diciembre-termina-como-el-mes-con-mas-asesinatos-por-violencia-machista-de-2022.html,20230106130729
https://web.archive.org/web/20230106130729/https://elpais.com/noticias/violencia-machista/,20230106130729
https://web.archive.org/web/20230106130729/https://elpais.com/noticias/violencia-sexual/,20230106130729
https://web.archive.org/web/20230108141618/https://elpais.com/sociedad/2023-01-08/detenido-un-hombre-por-matar-a-su-pareja-con-un-arma-blanca-en-ciudad-real.html,20230108141618
https://web.archive.org/web/20230108141618/https://elpais.com/noticias/violencia-machista/,20230108141618
https://web.archive.org/web/20230108141618/https://elpais.com/noticias/violencia-sexual/,20230108141618
https://web.archive.org/web/20230116153435/https://elpais.com/noticias/violencia-machista/,20230116153435
https://elpais.com/espana/catalunya/2023-01-16/del-feminismo-de-pepe-bono-al-machismo-de-mar-puig.html,20230119134123
https://elpais.com/opinion/2023-01-13/violencia-machista-y-frivolidad.html,20230119134123
https://elpais.com/espana/comunidad-valenciana/2023-01-12/dos-funcionarios-declaran-que-accedieron-al-expediente-de-violencia-machista-de-rocio-carrasco-por-su-trabajo.html,20230119134123
https://elpais.com/sociedad/2023-01-11/asociaciones-feministas-advierten-de-que-los-sistemas-de-valoracion-del-riesgo-de-violencia-machista-estan-fallando.html,20230116153435
https://web.archive.org/web/20230116153435/https://elpais.com/noticias/acoso-internet/,20230116153435
https://elpais.com/tecnologia/2023-01-11/diccionario-de-la-ciberviolencia-nueve-formas-de-agresion-online-hacia-las-mujeres-que-pueden-pasar-inadvertidas.html,20230116153435
https://web.archive.org/web/20230119134123/https://elpais.com/noticias/abusos-sexuales/,20230119134123
https://web.archive.org/web/20230119134123/https://elpais.com/noticias/feminicidios-mexico/,20230119134123
https://elpais.com/mexico/2023-01-18/dayan-yamil-quinones-los-feminicidios-que-no-vemos.html,20230119134123
https://web.archive.org/web/20230119134123/https://elpais.com/noticias/violencia-machista/,20230119134123
https://web.archive.org/web/20230131014835/https://elpais.com/noticias/asesinato-mujeres/,20230131014835
https://web.archive.org/web/20230131014835/https://elpais.com/noticias/violencia-machista/,20230131014835
https://elpais.com/sociedad/2023-01-27/igualdad-plantea-el-acceso-inmediato-a-una-vivienda-y-al-ingreso-minimo-vital-para-victimas-de-violencia-machista-en-riesgo-alto.html,20230131014835
https://web.archive.org/web/20230131014835/https://elpais.com/noticias/movimiento-metoo/,20230131014835
https://elpais.com/sociedad/2023-01-25/los-tiempos-judiciales-en-violencia-machista-procesos-de-cuatro-meses-y-medio-en-extremadura-y-de-mes-y-medio-en-aragon.html,20230131014835
https://web.archive.org/web/20230131014835/https://elpais.com/noticias/violencia-genero/,20230131014835
https://elpais.com/sociedad/2023-01-23/un-hombre-con-antecedentes-de-violencia-machista-mata-a-su-pareja-y-a-la-hija-de-esta-en-valladolid.html,20230131014835
https://elpais.com/espana/2023-01-20/olona-lamenta-profundamente-que-su-discurso-diese-alas-a-los-que-niegan-la-violencia-machista.html,20230131014835
https://web.archive.org/web/20230226224420/https://elpais.com/noticias/violencia-machista/,20230226224420
https://web.archive.org/web/20230226224420/https://elpais.com/noticias/asesinato-mujeres/,20230226224420
https://elpais.com/america-colombia/2023-02-22/el-movimiento-social-de-mujeres-pide-a-petro-declarar-la-emergencia-nacional-por-la-violencia-machista.html,20230226224420
https://web.archive.org/web/20230226224420/https://elpais.com/noticias/violencia-sexual/,20230226224420
https://elpais.com/sociedad/2023-02-19/asi-funciona-un-centro-de-crisis-para-victimas-de-violencia-sexual-desde-el-primer-minuto-y-hasta-el-final-del-tunel.html,20230226224420
https://elpais.com/opinion/2023-02-14/civismo-y-violencia-sexual.html,20230226224420
https://elpais.com/espana/catalunya/2023-02-13/el-servicio-de-atencion-a-las-victimas-de-violencia-machista-de-barcelona-ira-a-la-huelga.html,20230226224420
https://elpais.com/america-futura/2023-02-13/felisa-yanapiri-la-app-administrada-por-mujeres-aymaras-para-enfrentar-la-violencia-machista.html,20230226224420
https://web.archive.org/web/20230829113346/https://elpais.com/sociedad/2023-08-29/estadisticas-para-combatir-la-violencia-machista-la-ue-reconoce-que-no-sabe-cuantos-asesinatos-machistas-se-cometen-al-ano.html,20230829113346
https://web.archive.org/web/20230829113346/https://elpais.com/noticias/violencia-machista/,20230829113346
https://web.archive.org/web/20230829113346/https://elpais.com/noticias/feminicidios-mexico/,20230829113346
https://web.archive.org/web/20230829113346/https://elpais.com/sociedad/2023-08-23/andalucia-pide-que-se-repartan-fondos-por-numero-de-victimas-de-violencia-machista-no-puede-valer-mas-una-mujer-en-cataluna.html,20230829113346
https://web.archive.org/web/20230829113346/https://elpais.com/noticias/abusos-sexuales/,20230829113346
https://web.archive.org/web/20230829113346/https://elpais.com/sociedad/2023-08-18/la-policia-nacional-investiga-la-muerte-de-una-mujer-en-moratalaz-como-un-caso-de-violencia-de-genero.html,20230829113346
https://web.archive.org/web/20230829113346/https://elpais.com/noticias/violaciones-multiples/,20230829113346
https://web.archive.org/web/20230829113346/https://elpais.com/noticias/asesinato-mujeres/,20230829113346
https://web.archive.org/web/20230829113346/https://elpais.com/mexico/2023-08-11/el-feminicidio-de-milagros-montserrat-apunalada-en-la-calle-cuando-iba-a-trabajar-indigna-a-mexico.html,20230829113346
https://web.archive.org/web/20230829113346/https://elpais.com/chile/2023-08-10/chile-sufre-154-victimas-de-feminicidio-entre-2020-y-2022-segun-la-fiscalia.html,20230829113346
https://web.archive.org/web/20230829113346/https://elpais.com/noticias/violencia-sexual/,20230829113346
https://web.archive.org/web/20230925205254/https://elpais.com/noticias/violencia-sexual/,20230925205254
https://web.archive.org/web/20230925205254/https://elpais.com/noticias/violencia-genero/,20230925205254
https://web.archive.org/web/20230925205254/https://elpais.com/espana/comunidad-valenciana/2023-09-24/machismo-por-la-puerta-grande.html,20230925205254
https://web.archive.org/web/20230925205254/https://elpais.com/noticias/violencia-machista/,20230925205254
https://web.archive.org/web/20230925205254/https://elpais.com/noticias/feminicidios-mexico/,20230925205254
https://web.archive.org/web/20230925205254/https://elpais.com/noticias/asesinato-mujeres/,20230925205254
https://web.archive.org/web/20230925205254/https://elpais.com/mexico/2023-09-18/el-feminicidio-de-ana-maria-serrano-el-la-presionaba-mucho-mandaba-regalos-cada-semana-rogaba-que-regresaran.html,20230925205254
https://web.archive.org/web/20230925205254/https://elpais.com/noticias/abusos-sexuales/,20230925205254
https://web.archive.org/web/20230926070722/https://elpais.com/sociedad/2023-09-26/la-iglesia-no-abrio-una-investigacion-al-cura-detenido-tras-conocer-la-existencia-de-los-videos-de-violaciones-y-lo-traslado.html,20230926070722
https://web.archive.org/web/20230926070722/https://elpais.com/noticias/violencia-sexual/,20230926070722
https://web.archive.org/web/20230926070722/https://elpais.com/noticias/violencia-genero/,20230926070722
https://web.archive.org/web/20230926070722/https://elpais.com/espana/comunidad-valenciana/2023-09-24/machismo-por-la-puerta-grande.html,20230926070722
https://web.archive.org/web/20230926070722/https://elpais.com/noticias/violencia-machista/,20230926070722
https://web.archive.org/web/20230926070722/https://elpais.com/noticias/feminicidios-mexico/,20230926070722
https://web.archive.org/web/20230926070722/https://elpais.com/noticias/asesinato-mujeres/,20230926070722
https://web.archive.org/web/20230926070722/https://elpais.com/mexico/2023-09-18/el-feminicidio-de-ana-maria-serrano-el-la-presionaba-mucho-mandaba-regalos-cada-semana-rogaba-que-regresaran.html,20230926070722
https://web.archive.org/web/20230926070722/https://elpais.com/noticias/abusos-sexuales/,20230926070722
https://web.archive.org/web/20231003084549/https://elpais.com/noticias/violencia-machista/,20231003084549
https://web.archive.org/web/20231003084549/https://elpais.com/noticias/machismo/,20231003084549
https://web.archive.org/web/20231003084549/https://elpais.com/noticias/violencia-sexual/,20231003084549
https://web.archive.org/web/20231003084549/https://elpais.com/noticias/feminicidios-mexico/,20231003084549
https://web.archive.org/web/20231003084549/https://elpais.com/mexico/2023-09-27/la-fiscalia-investiga-a-varios-de-sus-funcionarios-por-su-probable-participacion-en-el-feminicidio-de-montserrat-juarez.html,20231003084549
https://web.archive.org/web/20231003084549/https://elpais.com/noticias/agresiones-sexuales/,20231003084549
https://web.archive.org/web/20231003084549/https://elpais.com/espana/comunidad-valenciana/2023-09-26/la-presidenta-del-tsj-valenciano-alerta-sobre-el-aumento-de-causas-de-violencia-machista-y-la-fiscal-jefe-ante-el-de-delitos-sexuales.html,20231003084549
https://web.archive.org/web/20231003084549/https://elpais.com/noticias/violencia-genero/,20231003084549
https://web.archive.org/web/20231003084549/https://elpais.com/espana/comunidad-valenciana/2023-09-24/machismo-por-la-puerta-grande.html,20231003084549
https://web.archive.org/web/20231003084549/https://elpais.com/noticias/asesinato-mujeres/,20231003084549
https://web.archive.org/web/20231026114532/https://elpais.com/noticias/violencia-machista/,20231026114532
https://web.archive.org/web/20231026114532/https://elpais.com/noticias/dia-internacional-eliminacion-violencia-contra-la-mujer/,20231026114532
https://web.archive.org/web/20231026114532/https://elpais.com/sociedad/2023-10-24/se-disparan-las-llamadas-de-jovenes-por-violencia-machista-si-salia-con-mis-amigas-me-llamaba-puta-solo-queria-que-saliese-con-el.html,20231026114532
https://web.archive.org/web/20231026114532/https://elpais.com/sociedad/2023-10-24/la-primera-ministra-de-islandia-se-une-a-la-huelga-de-mujeres-contra-la-brecha-salarial-y-la-violencia-machista.html,20231026114532
https://web.archive.org/web/20231026114532/https://elpais.com/noticias/feminicidios-mexico/,20231026114532
https://web.archive.org/web/20231026114532/https://elpais.com/america-colombia/2023-10-22/las-mujeres-de-ciudad-bolivar-limpian-la-sangre-de-la-violencia-machista.html,20231026114532
https://web.archive.org/web/20231026114532/https://elpais.com/mexico/2023-10-21/mas-de-100000-fotos-alteradas-con-ia-para-fines-sexuales-ocho-alumnas-del-ipn-se-enfrentan-a-la-normalizacion-de-la-violencia-digital-en-mexico.html,20231026114532
https://web.archive.org/web/20231026114532/https://elpais.com/noticias/machismo/,20231026114532
https://web.archive.org/web/20231026114532/https://elpais.com/sociedad/2023-10-20/como-es-su-relacion-de-pareja-como-resuelven-los-problemas-dos-preguntas-del-medico-para-detectar-la-violencia-machista.html,20231026114532
https://web.archive.org/web/20231105084522/https://elpais.com/noticias/violencia-machista/,20231105084522
https://web.archive.org/web/20231105084522/https://elpais.com/noticias/dia-internacional-eliminacion-violencia-contra-la-mujer/,20231105084522
https://web.archive.org/web/20231105084522/https://elpais.com/sociedad/2023-10-24/se-disparan-las-llamadas-de-jovenes-por-violencia-machista-si-salia-con-mis-amigas-me-llamaba-puta-solo-queria-que-saliese-con-el.html,20231105084522
https://web.archive.org/web/20231105084522/https://elpais.com/sociedad/2023-10-24/la-primera-ministra-de-islandia-se-une-a-la-huelga-de-mujeres-contra-la-brecha-salarial-y-la-violencia-machista.html,20231105084522
https://web.archive.org/web/20231105084522/https://elpais.com/noticias/feminicidios-mexico/,20231105084522
https://web.archive.org/web/20231105084522/https://elpais.com/america-colombia/2023-10-22/las-mujeres-de-ciudad-bolivar-limpian-la-sangre-de-la-violencia-machista.html,20231105084522
https://web.archive.org/web/20231105084522/https://elpais.com/mexico/2023-10-21/mas-de-100000-fotos-alteradas-con-ia-para-fines-sexuales-ocho-alumnas-del-ipn-se-enfrentan-a-la-normalizacion-de-la-violencia-digital-en-mexico.html,20231105084522
https://web.archive.org/web/20231117105316/https://elpais.com/noticias/violencia-machista/,20231117105316
https://web.archive.org/web/20231117105316/https://elpais.com/noticias/violencia-sexual/,20231117105316
https://web.archive.org/web/20231117105316/https://elpais.com/noticias/violencia-vicaria/,20231117105316
https://web.archive.org/web/20231117105316/https://elpais.com/sociedad/2023-11-07/encontrados-sin-vida-los-cuerpos-de-un-hombre-y-su-hijo-de-siete-anos-en-una-zona-montanosa-de-navarra.html,20231117105316
https://web.archive.org/web/20231117105316/https://elpais.com/sociedad/2023-11-06/igualdad-y-las-autonomias-aprueban-medidas-para-la-prevencion-de-la-violencia-machista-y-la-proteccion-de-las-victimas.html,20231117105316
https://web.archive.org/web/20231117105316/https://elpais.com/noticias/violencia-genero/,20231117105316
https://web.archive.org/web/20231126231014/https://elpais.com/noticias/violencia-machista/,20231126231014
https://web.archive.org/web/20231126231014/https://elpais.com/sociedad/2023-11-25/el-debate-sobre-el-consentimiento-divide-a-la-ue-en-sus-esfuerzos-por-aprobar-la-primera-norma-especifica-sobre-violencia-contra-la-mujer.html,20231126231014
https://web.archive.org/web/20231126231014/https://elpais.com/videos/2023-11-25/video-treinta-anos-de-la-declaracion-sobre-la-eliminacion-de-la-violencia-contra-la-mujer-de-la-onu.html?autoplay=1,20231126231014
https://web.archive.org/web/20231126231014/https://elpais.com/sociedad/2023-11-24/aparece-el-cadaver-de-una-mujer-con-signos-de-violencia-oculto-entre-maleza-en-un-poligono-industrial-de-o-porrino.html,20231126231014
https://web.archive.org/web/20231126231014/https://elpais.com/ideas/2023-11-24/dia-internacional-de-la-eliminacion-de-la-violencia-contra-la-mujer-por-daniella-marti.html,20231126231014
https://web.archive.org/web/20231126231014/https://elpais.com/noticias/violencia-sexual/,20231126231014
https://web.archive.org/web/20231130194420/https://elpais.com/noticias/violencia-machista/,20231130194420
https://web.archive.org/web/20231130194420/https://elpais.com/espana/catalunya/2023-11-28/polemica-en-el-grupo-de-jxcat-en-el-parlament-por-la-denuncia-interna-por-violencia-machista-de-madaula.html,20231130194420
https://web.archive.org/web/20231130194420/https://elpais.com/sociedad/2023-11-25/el-debate-sobre-el-consentimiento-divide-a-la-ue-en-sus-esfuerzos-por-aprobar-la-primera-norma-especifica-sobre-violencia-contra-la-mujer.html,20231130194420
https://web.archive.org/web/20231130194420/https://elpais.com/videos/2023-11-25/video-treinta-anos-de-la-declaracion-sobre-la-eliminacion-de-la-violencia-contra-la-mujer-de-la-onu.html?autoplay=1,20231130194420
https://web.archive.org/web/20231203212721/https://elpais.com/noticias/asesinato-mujeres/#?rel=arch,20231203212721
https://web.archive.org/web/20231203212721/https://elpais.com/america-colombia/2023-12-12/una-madre-desesperada-denuncia-desde-bogota-el-feminicidio-de-su-hija-en-suiza.html,20231203212721
https://web.archive.org/web/20231203212721/https://elpais.com/noticias/violencia-machista/,20231203212721
https://web.archive.org/web/20231203212721/https://elpais.com/noticias/violencia-vicaria/,20231203212721
https://web.archive.org/web/20231203212721/https://elpais.com/mexico/2023-11-30/mexico-incorpora-la-violencia-vicaria-a-su-codigo-penal.html,20231203212721
https://web.archive.org/web/20231203212721/https://elpais.com/espana/catalunya/2023-11-28/polemica-en-el-grupo-de-jxcat-en-el-parlament-por-la-denuncia-interna-por-violencia-machista-de-madaula.html,20231203212721
https://web.archive.org/web/20231203212721/https://elpais.com/sociedad/2023-11-25/el-debate-sobre-el-consentimiento-divide-a-la-ue-en-sus-esfuerzos-por-aprobar-la-primera-norma-especifica-sobre-violencia-contra-la-mujer.html,20231203212721
https://web.archive.org/web/20240527060532/https://elpais.com/noticias/violencia-machista/,20240527060532
https://web.archive.org/web/20240527060532/https://elpais.com/noticias/violencia-sexual/,20240527060532
https://web.archive.org/web/20240527060532/https://elpais.com/noticias/violaciones-multiples/,20240527060532
https://web.archive.org/web/20240527060532/https://elpais.com/noticias/trata-mujeres/,20240527060532
https://web.archive.org/web/20240527060532/https://elpais.com/noticias/acoso-internet/,20240527060532
https://web.archive.org/web/20240527060532/https://elpais.com/cultura/2024-05-09/el-ministerio-de-cultura-pondra-en-marcha-en-septiembre-su-unidad-contra-la-violencia-machista.html,20240527060532
https://web.archive.org/web/20240527060532/https://elpais.com/economia/2024-05-06/diaz-anuncia-un-nuevo-subsidio-para-victimas-de-violencia-machista-y-hara-compatible-la-prestacion-contributiva-con-un-nuevo-empleo.html,20240527060532
https://web.archive.org/web/20240527060532/https://elpais.com/noticias/asesinato-mujeres/,20240527060532
https://web.archive.org/web/20240918003912/https://elpais.com/noticias/violencia-machista/,20240918003912
https://web.archive.org/web/20240918003912/https://elpais.com/argentina/2024-09-18/el-futbolista-argentino-gonzalo-montiel-se-somete-a-una-pericia-clave-en-la-causa-que-lo-investiga-por-abuso-sexual.html,20240918003912
https://web.archive.org/web/20240918003912/https://elpais.com/sociedad/2024-09-17/sean-combs-detenido-en-nueva-york-tras-10-demandas-de-acoso-sexual-abusos-y-violacion.html,20240918003912
https://web.archive.org/web/20240918003912/https://elpais.com/noticias/asesinato-mujeres/,20240918003912
https://web.archive.org/web/20240918003912/https://elpais.com/america/2024-09-15/la-madre-que-construye-la-memoria-de-las-victimas-de-feminicidio-en-brasil.html,20240918003912
https://web.archive.org/web/20240918003912/https://elpais.com/podcasts/hoy-en-el-pais/2024-09-12/podcast-argentina-en-shock-que-impacto-ha-tenido-la-denuncia-por-violencia-machista-al-expresidente.html,20240918003912
https://web.archive.org/web/20240918003912/https://elpais.com/noticias/violencia-sexual/,20240918003912
https://web.archive.org/web/20240918003912/https://elpais.com/noticias/violaciones/,20240918003912
https://web.archive.org/web/20240918003912/https://elpais.com/mexico/2024-09-07/trata-de-personas-complicidad-estatal-y-feminicidios-un-documental-retrata-el-horror-oculto-tras-la-web-de-zona-divas.html,20240918003912
https://web.archive.org/web/20240918003912/https://elpais.com/america/2024-09-06/una-acusacion-por-acoso-sexual-contra-un-ministro-de-lula-sacude-al-gobierno-de-brasil.html,20240918003912
https://web.archive.org/web/20240918003912/https://elpais.com/noticias/reality-show/,20240918003912
https://web.archive.org/web/20241230232222/https://elpais.com/noticias/violencia-machista/,20241230232222
https://web.archive.org/web/20241230232222/https://elpais.com/opinion/2024-12-23/desidia-hacia-la-violencia-sexual.html,20241230232222
https://web.archive.org/web/20241230232222/https://elpais.com/chile/2024-12-23/la-historia-de-los-hijos-de-nabila-rifo-absueltos-en-chile-por-el-homicidio-de-la-pareja-de-su-madre-victima-de-violencia-machista.html,20241230232222
https://web.archive.org/web/20241230232222/https://elpais.com/america-colombia/2024-12-20/un-caso-de-abuso-sexual-estremece-a-la-universidad-nacional-de-colombia.html,20241230232222
https://web.archive.org/web/20241230232222/https://elpais.com/noticias/violencia-sexual/,20241230232222
https://web.archive.org/web/20241230232222/https://elpais.com/sociedad/2024-12-20/el-gobierno-indemnizara-a-una-victima-violencia-sexual-por-el-funcionamiento-anormal-de-la-justicia-en-el-proceso-contra-su-agresor.html,20241230232222
https://web.archive.org/web/20241230232222/https://elpais.com/america-colombia/2024-12-20/dos-mujeres-denuncian-por-acoso-sexual-al-jefe-de-seguridad-de-francia-marquez.html,20241230232222
https://web.archive.org/web/20241230232222/https://elpais.com/sociedad/2024-12-19/las-comunidades-tendran-hasta-junio-de-2025-para-abrir-sus-centros-de-crisis-24-horas-contra-la-violencia-sexual.html,20241230232222
https://web.archive.org/web/20241230232222/https://elpais.com/sociedad/2024-12-19/gisele-pelicot-ha-sentado-en-el-banquillo-al-machismo-y-a-la-cultura-de-la-violacion-senala-la-ministra-de-igualdad.html,20241230232222
https://web.archive.org/web/20241230232222/https://elpais.com/videos/2024-12-19/isabel-valdes-gisele-pelicot-ha-logrado-visibilizar-la-violencia-machista-desde-un-angulo-en-el-que-nunca-vemos-a-las-victimas.html?autoplay=1,20241230232222
https://web.archive.org/web/20241230232222/https://elpais.com/sociedad/2024-12-18/investigan-como-violencia-machista-el-asesinato-de-una-mujer-en-lugo-por-su-pareja.html,20241230232222
https://web.archive.org/web/20241230232222/https://elpais.com/sociedad/2024-12-18/solo-hay-17-centros-de-crisis-24-horas-para-atender-la-violencia-contra-la-mujer-de-los-52-que-deberian.html,20241230232222
https://web.archive.org/web/20241230232222/https://elpais.com/mexico/2024-12-10/la-violencia-digital-en-torno-a-las-mujeres-periodistas-el-caso-de-marion-reimers.html,20241230232222
https://web.archive.org/web/20250110125327/https://elpais.com/noticias/violencia-machista/,20250110125327
https://web.archive.org/web/20250110125327/https://elpais.com/videos/2025-01-04/cristina-hernandez-necesitamos-un-mayor-compromiso-de-los-hombres-contra-la-violencia-machista.html?autoplay=1,20250110125327
https://web.archive.org/web/20250110125327/https://elpais.com/noticias/violencia-sexual/,20250110125327
https://web.archive.org/web/20250110125327/https://elpais.com/sociedad/2025-01-02/igualdad-asegura-que-ya-estan-abiertos-53-centros-de-crisis-para-victimas-de-violencia-sexual.html,20250110125327
https://web.archive.org/web/20250110125327/https://elpais.com/opinion/2024-12-23/desidia-hacia-la-violencia-sexual.html,20250110125327
https://web.archive.org/web/20250110125327/https://elpais.com/chile/2024-12-23/la-historia-de-los-hijos-de-nabila-rifo-absueltos-en-chile-por-el-homicidio-de-la-pareja-de-su-madre-victima-de-violencia-machista.html,20250110125327
https://web.archive.org/web/20250110125327/https://elpais.com/america-colombia/2024-12-20/un-caso-de-abuso-sexual-estremece-a-la-universidad-nacional-de-colombia.html,20250110125327
https://web.archive.org/web/20250110125327/https://elpais.com/sociedad/2024-12-20/el-gobierno-indemnizara-a-una-victima-violencia-sexual-por-el-funcionamiento-anormal-de-la-justicia-en-el-proceso-contra-su-agresor.html,20250110125327
https://web.archive.org/web/20250110125327/https://elpais.com/america-colombia/2024-12-20/dos-mujeres-denuncian-por-acoso-sexual-al-jefe-de-seguridad-de-francia-marquez.html,20250110125327
https://web.archive.org/web/20250110125327/https://elpais.com/sociedad/2024-12-19/las-comunidades-tendran-hasta-junio-de-2025-para-abrir-sus-centros-de-crisis-24-horas-contra-la-violencia-sexual.html,20250110125327
https://web.archive.org/web/20250110125327/https://elpais.com/sociedad/2024-12-19/gisele-pelicot-ha-sentado-en-el-banquillo-al-machismo-y-a-la-cultura-de-la-violacion-senala-la-ministra-de-igualdad.html,20250110125327
https://web.archive.org/web/20250210081616/https://elpais.com/noticias/violencia-machista/,20250210081616
https://web.archive.org/web/20250210081616/https://elpais.com/noticias/feminicidios-mexico/,20250210081616
https://web.archive.org/web/20250210081616/https://elpais.com/noticias/asesinato-mujeres/,20250210081616
https://web.archive.org/web/20250210081616/https://elpais.com/mexico/2025-01-31/rodolfo-fofo-marquez-de-junior-millonario-a-condenado-por-intento-de-feminicidio.html,20250210081616
https://web.archive.org/web/20250210081616/https://elpais.com/mexico/2025-01-25/fofo-marquez-declarado-culpable-de-tentativa-de-feminicidio.html,20250210081616
https://web.archive.org/web/20250210081616/https://elpais.com/argentina/2025-01-24/milei-pedira-al-congreso-el-fin-de-la-figura-de-feminicidio-y-las-leyes-de-paridad-de-genero.html,20250210081616
https://web.archive.org/web/20250210081616/https://elpais.com/sociedad/2025-01-21/juana-rivas-denuncia-a-su-expareja-por-violencia-vicaria.html,20250210081616
https://web.archive.org/web/20250210081616/https://elpais.com/noticias/violencia-sexual/,20250210081616
https://web.archive.org/web/20250401035823/https://elpais.com/noticias/violencia-machista/,20250401035823
https://web.archive.org/web/20250401035823/https://elpais.com/sociedad/2025-03-31/mas-de-500-mujeres-denuncian-por-violencia-machista-cada-dia-en-espana.html,20250401035823
https://web.archive.org/web/20250401035823/https://elpais.com/sociedad/2025-03-31/el-jefe-de-la-policia-local-de-granada-asigno-a-un-agente-investigado-por-violencia-machista-las-patrullas-en-la-zona-de-trabajo-de-la-victima.html,20250401035823
https://web.archive.org/web/20250401035823/https://elpais.com/noticias/violencia-sexual/,20250401035823
https://web.archive.org/web/20250401035823/https://elpais.com/cultura/2025-03-29/un-catalogo-de-literatura-infantil-para-combatir-la-violencia-machista.html,20250401035823
https://web.archive.org/web/20250401035823/https://elpais.com/america-colombia/2025-03-27/una-comunidad-indigena-choca-con-un-juez-por-definir-quien-investiga-un-intento-de-feminicidio.html,20250401035823
https://web.archive.org/web/20250401035823/https://elpais.com/noticias/feminicidios-mexico,20250401035823
https://web.archive.org/web/20250401035823/https://elpais.com/comunicacion/premios-ortega-y-gasset/2025-03-24/la-casa-grande-un-podcast-para-sensibilizar-sobre-la-violencia-machista.html,20250401035823
https://web.archive.org/web/20250403161120/https://elpais.com/noticias/violencia-machista/,20250403161120
https://web.archive.org/web/20250403161120/https://elpais.com/noticias/violencia-vicaria/,20250403161120
https://web.archive.org/web/20250403161120/https://elpais.com/sociedad/2025-04-03/el-acusado-de-matar-a-la-hija-de-su-expareja-en-murcia-tenia-dos-condenas-previas-por-violencia-machista-hacia-otras-mujeres.html,20250403161120
https://web.archive.org/web/20250403161120/https://elpais.com/noticias/asesinato-mujeres/,20250403161120
https://web.archive.org/web/20250403161120/https://elpais.com/america-colombia/2025-04-03/los-huerfanos-por-feminicidio-ya-tienen-una-ley-que-los-protege.html,20250403161120
https://web.archive.org/web/20250403161120/https://elpais.com/sociedad/2025-03-31/mas-de-500-mujeres-denuncian-por-violencia-machista-cada-dia-en-espana.html,20250403161120
https://web.archive.org/web/20250403161120/https://elpais.com/sociedad/2025-03-31/el-jefe-de-la-policia-local-de-granada-asigno-a-un-agente-investigado-por-violencia-machista-las-patrullas-en-la-zona-de-trabajo-de-la-victima.html,20250403161120
https://web.archive.org/web/20250403161120/https://elpais.com/noticias/violencia-sexual/,20250403161120
https://web.archive.org/web/20250403161120/https://elpais.com/cultura/2025-03-29/un-catalogo-de-literatura-infantil-para-combatir-la-violencia-machista.html,20250403161120
https://web.archive.org/web/20250403161120/https://elpais.com/america-colombia/2025-03-27/una-comunidad-indigena-choca-con-un-juez-por-definir-quien-investiga-un-intento-de-feminicidio.html,20250403161120
https://web.archive.org/web/20250403161120/https://elpais.com/noticias/feminicidios-mexico,20250403161120
https://web.archive.org/web/20250522155146/https://elpais.com/noticias/violencia-machista/,20250522155146
https://web.archive.org/web/20250522155146/https://elpais.com/america-colombia/2025-05-20/el-feminicidio-de-la-influencer-maria-jose-estupinan-en-cucuta-copia-el-modus-operandi-del-caso-valeria-marquez-en-jalisco.html,20250522155146
https://web.archive.org/web/20250522155146/https://elpais.com/america-colombia/2025-05-17/un-feminicidio-en-la-universidad-del-valle-reabre-el-debate-sobre-la-violencia-machista-en-la-educacion-superior.html,20250522155146
https://web.archive.org/web/20250522155146/https://elpais.com/mexico/2025-05-16/el-asesinato-de-la-tiktoker-valeria-marquez-un-recordatorio-de-la-violencia-machista-que-arrecia-en-mexico.html,20250522155146
https://web.archive.org/web/20250522155146/https://elpais.com/noticias/violencia-sexual/,20250522155146
https://web.archive.org/web/20250522155146/https://elpais.com/noticias/feminicidios-mexico/,20250522155146
https://web.archive.org/web/20250522155146/https://elpais.com/mexico/2025-05-15/la-suprema-corte-reconoce-a-la-familia-de-la-nina-fatima-quintana-como-victimas-indirectas-de-su-feminicidio.html,20250522155146
https://web.archive.org/web/20250522155146/https://elpais.com/espana/catalunya/2025-05-06/raquel-martinez-victima-de-violencia-machista-sin-alquiler-social-18-anos-despues-necesitamos-un-techo-para-liberarnos-del-maltrato.html,20250522155146
https://web.archive.org/web/20250522155146/https://elpais.com/sociedad/2025-05-05/el-31-de-las-mujeres-asesinadas-por-violencia-machista-en-2024-habia-denunciado-a-su-agresor-es-la-cifra-mas-alta.html,20250522155146
https://web.archive.org/web/20250522155146/https://elpais.com/espana/galicia/2025-05-03/justicia-a-mas-de-dos-horas-de-viaje-para-victimas-de-violencia-machista-en-galicia-las-van-a-desproteger.html,20250522155146
https://web.archive.org/web/20250522155146/https://elpais.com/noticias/acoso-laboral/,20250522155146
https://web.archive.org/web/20250522155146/https://elpais.com/chile/2025-05-01/ley-karin-luces-y-sombras-en-la-batalla-contra-el-acoso-laboral.html,20250522155146
https://web.archive.org/web/20250522155146/https://elpais.com/sociedad/2025-05-01/quien-identifica-mejor-la-violencia-machista-un-pionero-estudio-se-fija-en-los-testigos-potenciales.html,20250522155146
https://web.archive.org/web/20250630122111/https://elpais.com/noticias/violencia-machista/,20250630122111
https://web.archive.org/web/20250630122111/https://elpais.com/sociedad/2025-06-28/las-seis-vidas-segadas-en-una-semana-dramatica-de-violencia-machista.html,20250630122111
https://web.archive.org/web/20250630122111/https://elpais.com/noticias/asesinato-mujeres/,20250630122111
https://web.archive.org/web/20250630122111/https://elpais.com/expres/2025-06-27/espana-arranca-el-verano-con-una-cadena-de-feminicidios-en-cinco-ciudades.html,20250630122111
https://web.archive.org/web/20250630122111/https://elpais.com/opinion/2025-06-27/violencia-machista-emergencia-social.html,20250630122111
https://web.archive.org/web/20250630122111/https://elpais.com/sociedad/2025-06-26/el-gobierno-se-reorganiza-para-afrontar-el-aumento-de-la-violencia-machista-en-verano.html,20250630122111
https://web.archive.org/web/20250630122111/https://elpais.com/sociedad/2025-06-26/cinco-mujeres-y-un-nino-asesinados-por-violencia-machista-en-48-horas.html,20250630122111
https://web.archive.org/web/20250630122111/https://elpais.com/mexico/2025-06-25/la-suprema-corte-de-justicia-niega-el-amparo-a-luis-de-llano-tras-la-denuncia-de-sasha-sokol-por-abuso-sexual.html,20250630122111
https://web.archive.org/web/20250630122111/https://elpais.com/sociedad/2025-06-25/la-justicia-investiga-como-violencia-machista-el-hallazgo-de-los-cadaveres-de-una-mujer-y-un-hombre-en-las-palmas.html,20250630122111
https://web.archive.org/web/20250630122111/https://elpais.com/noticias/machismo/,20250630122111
https://web.archive.org/web/20250630122111/https://elpais.com/noticias/sexismo/,20250630122111
https://web.archive.org/web/20250630122111/https://elpais.com/mexico/2025-06-23/abogados-de-narcos-abusadores-sexuales-violentadores-acosadores-y-traficantes-de-personas-estan-a-un-salto-de-convertirse-en-jueces-y-magistrados-en-mexico.html,20250630122111
https://web.archive.org/web/20250630122111/https://elpais.com/noticias/feminicidios-mexico/,20250630122111
https://web.archive.org/web/20250630122111/https://elpais.com/mexico/2025-06-20/la-fiscalia-de-jalisco-confronta-al-tesoro-de-ee-uu-sobre-la-vinculacion-de-un-lider-de-cjng-con-el-feminicidio-de-valeria-marquez.html,20250630122111
https://web.archive.org/web/20250630122111/https://elpais.com/sociedad/2025-06-20/un-hospital-madrileno-envia-una-factura-por-la-atencion-a-una-victima-de-violencia-sexual-por-encontrarse-en-situacion-irregular.html,20250630122111
https://web.archive.org/web/20250630122111/https://elpais.com/sociedad/2025-06-18/la-justicia-mantiene-las-visitas-a-padres-denunciados-por-violencia-machista-en-mas-de-ocho-de-cada-diez-casos.html,20250630122111
